[{"pos_x": 82.2, "pos_y": -94.9925, "rotation": 0.0, "side": "top", "designator": "P1", "mpn": "DB25P064HTXLF", "pack": "DSUB-25_Male_EdgeMount_P2.77mm_1", "value": "DB25_Male", "mount_type": "smt", "place": true}, {"pos_x": 86.41, "pos_y": -90.1, "rotation": 180.0, "side": "top", "designator": "J1", "mpn": null, "pack": "JST_VH_B3PS-VH_1x03_P3.96mm_Horizontal", "value": "Conn_01x03_Pin", "mount_type": "tht", "place": true}, {"pos_x": 125.95, "pos_y": -89.6, "rotation": -90.0, "side": "top", "designator": "JP1", "mpn": null, "pack": "SolderJumper-2_P1.3mm_Open_TrianglePad1.0x1.5mm", "value": "SolderJumper_2_Open", "mount_type": "tht", "place": true}, {"pos_x": 152.21, "pos_y": -89.15, "rotation": 180.0, "side": "top", "designator": "J4", "mpn": null, "pack": "JST_VH_B2PS-VH_1x02_P3.96mm_Horizontal", "value": "B2PS-VH", "mount_type": "tht", "place": true}, {"pos_x": 117.76, "pos_y": -94.975, "rotation": 0.0, "side": "top", "designator": "P2", "mpn": "DA15S065HTLF", "pack": "DSUB-15_Male_EdgeMount_P2.77mm_1", "value": "DSUB15 Male", "mount_type": "smt", "place": true}, {"pos_x": 146.395, "pos_y": -95.0, "rotation": 0.0, "side": "top", "designator": "P3", "mpn": null, "pack": "DSUB-15_Male_EdgeMount_P2.77mm_1", "value": "DA15", "mount_type": "smt", "place": true}, {"pos_x": 128.1, "pos_y": -89.4, "rotation": 90.0, "side": "top", "designator": "D1", "mpn": null, "pack": "LED_0603_1608Metric", "value": "LED", "mount_type": "smt", "place": true}, {"pos_x": 143.9, "pos_y": -88.85, "rotation": -90.0, "side": "top", "designator": "J3", "mpn": null, "pack": "PinHeader_1x04_P2.54mm_Vertical", "value": "4P_Header", "mount_type": "tht", "place": true}, {"pos_x": 122.06, "pos_y": -89.4, "rotation": 180.0, "side": "top", "designator": "J2", "mpn": null, "pack": "JST_VH_B4PS-VH_1x04_P3.96mm_Horizontal", "value": "B4PS-VH", "mount_type": "tht", "place": true}, {"pos_x": 170.6, "pos_y": -102.625, "rotation": 0.0, "side": "top", "designator": "P4", "mpn": "DE09P065HTXLF", "pack": "DSUB-9_Male_Calendar_P2.77x2.84mm_MountingHoles3.1mm_24.99", "value": "DSUB9 Male", "mount_type": "tht", "place": true}, {"pos_x": 165.65, "pos_y": -88.5, "rotation": 90.0, "side": "top", "designator": "J5", "mpn": null, "pack": "PinSocket_2x05_P2.54mm_Row", "value": "Conn_2Rows-09Pins", "mount_type": "tht", "place": true}]